10,★山形	A	千葉	●	0	2	0.0	2.0	-2.0	0.0	0.0	1.0	0	20	A	松本	○	2	1	2.0	3.0	-1.0	1.0	0.0	1.0	3	13	H	大分	○	3	2	5.0	5.0	0.0	2.0	0.0	1.0	6	8	H	甲府	○	2	1	7.0	6.0	1.0	3.0	0.0	1.0	9	4	A	岡山	●	1	2	8.0	8.0	0.0	3.0	0.0	2.0	9	9	H	水戸	△	0	0	8.0	8.0	0.0	3.0	1.0	2.0	10	10	A	横浜FC	○	2	1	10.0	9.0	1.0	4.0	1.0	2.0	13	7	H	富山	○	1	0	11.0	9.0	2.0	5.0	1.0	2.0	16	5	A	北九州	○	1	0	12.0	9.0	3.0	6.0	1.0	2.0	19	2	H	栃木	○	2	1	14.0	10.0	4.0	7.0	1.0	2.0	22	2	A	東京Ｖ	○	2	0	16.0	10.0	6.0	8.0	1.0	2.0	25	2	H	愛媛	△	2	2	18.0	12.0	6.0	8.0	2.0	2.0	26	2	H	草津	○	1	0	19.0	12.0	7.0	9.0	2.0	2.0	29	1	A	福岡	△	1	1	20.0	13.0	7.0	9.0	3.0	2.0	30	1	H	岐阜	○	2	1	22.0	14.0	8.0	10.0	3.0	2.0	33	1	A	熊本	●	1	2	23.0	16.0	7.0	10.0	3.0	3.0	33	3	H	鳥取	○	5	1	28.0	17.0	11.0	11.0	3.0	3.0	36	1	A	京都	△	2	2	30.0	19.0	11.0	11.0	4.0	3.0	37	1	H	湘南	●	1	2	31.0	21.0	10.0	11.0	4.0	4.0	37	3	A	町田	△	0	0	31.0	21.0	10.0	11.0	5.0	4.0	38	4	H	徳島	○	1	0	32.0	21.0	11.0	12.0	5.0	4.0	41	1	A	栃木	●	0	1	32.0	22.0	10.0	12.0	5.0	5.0	41	4	A	富山	△	1	1	33.0	23.0	10.0	12.0	6.0	5.0	42	5	H	福岡	○	3	1	36.0	24.0	12.0	13.0	6.0	5.0	45	4	A	湘南	△	0	0	36.0	24.0	12.0	13.0	7.0	5.0	46	5	H	松本	△	1	1	37.0	25.0	12.0	13.0	8.0	5.0	47	6	A	水戸	△	2	2	39.0	27.0	12.0	13.0	9.0	5.0	48	7	H	横浜FC	●	0	1	39.0	28.0	11.0	13.0	9.0	6.0	48	7	A	愛媛	○	2	1	41.0	29.0	12.0	14.0	9.0	6.0	51	6	A	甲府	△	0	0	41.0	29.0	12.0	14.0	10.0	6.0	52	6	H	町田	○	3	1	44.0	30.0	14.0	15.0	10.0	6.0	55	4	A	徳島	△	2	2	46.0	32.0	14.0	15.0	11.0	6.0	56	4	A	鳥取	●	1	2	47.0	34.0	13.0	15.0	11.0	7.0	56	5	H	京都	●	1	2	48.0	36.0	12.0	15.0	11.0	8.0	56	7	A	草津	●	1	3	49.0	39.0	10.0	15.0	11.0	9.0	56	8	H	東京Ｖ	△	1	1	50.0	40.0	10.0	15.0	12.0	9.0	57	8	H	熊本	●	0	2	50.0	42.0	8.0	15.0	12.0	10.0	57	8	A	岐阜	△	0	0	50.0	42.0	8.0	15.0	13.0	10.0	58	8	H	北九州	○	1	0	51.0	42.0	9.0	16.0	13.0	10.0	61	8	H	千葉	●	0	2	51.0	44.0	7.0	16.0	13.0	11.0	61	8	A	大分	●	0	3	51.0	47.0	4.0	16.0	13.0	12.0	61	10	H	岡山	●	0	2	51.0	49.0	2.0	16.0	13.0	13.0	61	10
13,★水戸	H	横浜FC	○	2	1	2.0	1.0	1.0	1.0	0.0	0.0	3	5	H	富山	○	1	0	3.0	1.0	2.0	2.0	0.0	0.0	6	4	A	岡山	○	3	0	6.0	1.0	5.0	3.0	0.0	0.0	9	2	A	北九州	●	0	1	6.0	2.0	4.0	3.0	0.0	1.0	9	2	H	松本	△	0	0	6.0	2.0	4.0	3.0	1.0	1.0	10	6	A	山形	△	0	0	6.0	2.0	4.0	3.0	2.0	1.0	11	6	H	千葉	●	0	1	6.0	3.0	3.0	3.0	2.0	2.0	11	10	A	福岡	△	1	1	7.0	4.0	3.0	3.0	3.0	2.0	12	10	H	草津	○	1	0	8.0	4.0	4.0	4.0	3.0	2.0	15	7	A	湘南	○	2	1	10.0	5.0	5.0	5.0	3.0	2.0	18	6	H	徳島	○	2	1	12.0	6.0	6.0	6.0	3.0	2.0	21	4	A	岐阜	○	1	0	13.0	6.0	7.0	7.0	3.0	2.0	24	3	H	東京Ｖ	●	0	2	13.0	8.0	5.0	7.0	3.0	3.0	24	7	A	鳥取	●	1	2	14.0	10.0	4.0	7.0	3.0	4.0	24	8	H	愛媛	●	0	2	14.0	12.0	2.0	7.0	3.0	5.0	24	9	A	町田	△	0	0	14.0	12.0	2.0	7.0	4.0	5.0	25	10	H	栃木	○	3	1	17.0	13.0	4.0	8.0	4.0	5.0	28	8	A	熊本	●	1	2	18.0	15.0	3.0	8.0	4.0	6.0	28	9	H	甲府	●	1	3	19.0	18.0	1.0	8.0	4.0	7.0	28	10	A	大分	●	0	1	19.0	19.0	0.0	8.0	4.0	8.0	28	11	H	京都	○	3	1	22.0	20.0	2.0	9.0	4.0	8.0	31	11	A	東京Ｖ	●	0	2	22.0	22.0	0.0	9.0	4.0	9.0	31	12	H	湘南	△	1	1	23.0	23.0	0.0	9.0	5.0	9.0	32	11	A	愛媛	△	1	1	24.0	24.0	0.0	9.0	6.0	9.0	33	11	H	福岡	○	4	2	28.0	26.0	2.0	10.0	6.0	9.0	36	10	A	栃木	●	0	1	28.0	27.0	1.0	10.0	6.0	10.0	36	10	H	山形	△	2	2	30.0	29.0	1.0	10.0	7.0	10.0	37	11	A	甲府	●	0	1	30.0	30.0	0.0	10.0	7.0	11.0	37	11	H	大分	○	2	1	32.0	31.0	1.0	11.0	7.0	11.0	40	11	A	横浜FC	●	1	2	33.0	33.0	0.0	11.0	7.0	12.0	40	11	A	千葉	●	0	3	33.0	36.0	-3.0	11.0	7.0	13.0	40	14	H	鳥取	○	2	0	35.0	36.0	-1.0	12.0	7.0	13.0	43	12	H	熊本	○	2	0	37.0	36.0	1.0	13.0	7.0	13.0	46	12	A	徳島	○	2	1	39.0	37.0	2.0	14.0	7.0	13.0	49	12	A	京都	●	1	4	40.0	41.0	-1.0	14.0	7.0	14.0	49	12	H	北九州	○	3	1	43.0	42.0	1.0	15.0	7.0	14.0	52	12	H	岐阜	△	1	1	44.0	43.0	1.0	15.0	8.0	14.0	53	11	A	草津	△	0	0	44.0	43.0	1.0	15.0	9.0	14.0	54	12	A	松本	●	1	2	45.0	45.0	0.0	15.0	9.0	15.0	54	13	H	岡山	△	0	0	45.0	45.0	0.0	15.0	10.0	15.0	55	13	H	町田	△	1	1	46.0	46.0	0.0	15.0	11.0	15.0	56	13	A	富山	●	1	3	47.0	49.0	-2.0	15.0	11.0	16.0	56	13
11,★栃木	A	甲府	●	1	2	1.0	2.0	-1.0	0.0	0.0	1.0	0	15	H	大分	●	0	3	1.0	5.0	-4.0	0.0	0.0	2.0	0	22	A	徳島	○	1	0	2.0	5.0	-3.0	1.0	0.0	2.0	3	16	H	富山	△	0	0	2.0	5.0	-3.0	1.0	1.0	2.0	4	16	A	愛媛	△	1	1	3.0	6.0	-3.0	1.0	2.0	2.0	5	15	H	千葉	○	2	1	5.0	7.0	-2.0	2.0	2.0	2.0	8	12	H	熊本	○	2	0	7.0	7.0	0.0	3.0	2.0	2.0	11	11	A	町田	○	3	0	10.0	7.0	3.0	4.0	2.0	2.0	14	7	H	岐阜	△	1	1	11.0	8.0	3.0	4.0	3.0	2.0	15	8	A	山形	●	1	2	12.0	10.0	2.0	4.0	3.0	3.0	15	12	H	鳥取	●	0	1	12.0	11.0	1.0	4.0	3.0	4.0	15	13	A	京都	●	0	1	12.0	12.0	0.0	4.0	3.0	5.0	15	13	A	草津	○	2	1	14.0	13.0	1.0	5.0	3.0	5.0	18	12	H	福岡/13節	○	2	0	16.0	13.0	3.0	6.0	3.0	5.0	21	10	H	湘南	△	1	1	17.0	14.0	3.0	6.0	4.0	5.0	22	11	H	東京Ｖ	○	3	2	20.0	16.0	4.0	7.0	4.0	5.0	25	9	A	水戸	●	1	3	21.0	19.0	2.0	7.0	4.0	6.0	25	10	H	岡山	●	0	1	21.0	20.0	1.0	7.0	4.0	7.0	25	12	A	北九州	△	1	1	22.0	21.0	1.0	7.0	5.0	7.0	26	12	H	横浜FC	●	3	4	25.0	25.0	0.0	7.0	5.0	8.0	26	13	A	松本	○	2	0	27.0	25.0	2.0	8.0	5.0	8.0	29	12	H	山形	○	1	0	28.0	25.0	3.0	9.0	5.0	8.0	32	10	A	鳥取	○	2	0	30.0	25.0	5.0	10.0	5.0	8.0	35	9	H	町田	○	1	0	31.0	25.0	6.0	11.0	5.0	8.0	38	8	A	富山	○	2	1	33.0	26.0	7.0	12.0	5.0	8.0	41	8	H	水戸	○	1	0	34.0	26.0	8.0	13.0	5.0	8.0	44	8	A	千葉	△	0	0	34.0	26.0	8.0	13.0	6.0	8.0	45	8	A	熊本	●	0	3	34.0	29.0	5.0	13.0	6.0	9.0	45	9	H	草津	△	0	0	34.0	29.0	5.0	13.0	7.0	9.0	46	9	H	愛媛	○	1	0	35.0	29.0	6.0	14.0	7.0	9.0	49	9	A	湘南	●	1	2	36.0	31.0	5.0	14.0	7.0	10.0	49	9	A	横浜FC	○	3	1	39.0	32.0	7.0	15.0	7.0	10.0	52	8	H	徳島	△	1	1	40.0	33.0	7.0	15.0	8.0	10.0	53	9	A	岐阜	●	0	1	40.0	34.0	6.0	15.0	8.0	11.0	53	9	A	大分	○	1	0	41.0	34.0	7.0	16.0	8.0	11.0	56	9	H	甲府	●	1	2	42.0	36.0	6.0	16.0	8.0	12.0	56	9	H	京都	●	1	2	43.0	38.0	5.0	16.0	8.0	13.0	56	9	A	福岡	△	1	1	44.0	39.0	5.0	16.0	9.0	13.0	57	10	A	東京Ｖ	●	1	4	45.0	43.0	2.0	16.0	9.0	14.0	57	11	H	松本	○	3	2	48.0	45.0	3.0	17.0	9.0	14.0	60	9	A	岡山	●	1	2	49.0	47.0	2.0	17.0	9.0	15.0	60	11	H	北九州	●	1	2	50.0	49.0	1.0	17.0	9.0	16.0	60	11
17,★草津	A	大分	○	3	2	3.0	2.0	1.0	1.0	0.0	0.0	3	4	H	湘南	●	1	3	4.0	5.0	-1.0	1.0	0.0	1.0	3	12	A	岐阜	△	0	0	4.0	5.0	-1.0	1.0	1.0	1.0	4	11	H	徳島	△	0	0	4.0	5.0	-1.0	1.0	2.0	1.0	5	13	A	東京Ｖ	●	0	2	4.0	7.0	-3.0	1.0	2.0	2.0	5	14	H	横浜FC	△	1	1	5.0	8.0	-3.0	1.0	3.0	2.0	6	17	A	富山	○	2	1	7.0	9.0	-2.0	2.0	3.0	2.0	9	14	H	愛媛	○	1	0	8.0	9.0	-1.0	3.0	3.0	2.0	12	11	A	水戸	●	0	1	8.0	10.0	-2.0	3.0	3.0	3.0	12	14	H	北九州	●	0	2	8.0	12.0	-4.0	3.0	3.0	4.0	12	15	A	岡山	●	1	2	9.0	14.0	-5.0	3.0	3.0	5.0	12	15	H	千葉	●	0	2	9.0	16.0	-7.0	3.0	3.0	6.0	12	15	A	山形	●	0	1	9.0	17.0	-8.0	3.0	3.0	7.0	12	16	H	栃木	●	1	2	10.0	19.0	-9.0	3.0	3.0	8.0	12	18	A	甲府	●	0	2	10.0	21.0	-11.0	3.0	3.0	9.0	12	18	H	松本	△	0	0	10.0	21.0	-11.0	3.0	4.0	9.0	13	20	H	福岡	○	1	0	11.0	21.0	-10.0	4.0	4.0	9.0	16	17	A	町田	○	2	0	13.0	21.0	-8.0	5.0	4.0	9.0	19	17	H	熊本	△	0	0	13.0	21.0	-8.0	5.0	5.0	9.0	20	17	A	京都	○	1	0	14.0	21.0	-7.0	6.0	5.0	9.0	23	17	H	鳥取	●	1	2	15.0	23.0	-8.0	6.0	5.0	10.0	23	17	A	徳島	△	0	0	15.0	23.0	-8.0	6.0	6.0	10.0	24	18	H	大分	●	0	2	15.0	25.0	-10.0	6.0	6.0	11.0	24	18	A	北九州	○	1	0	16.0	25.0	-9.0	7.0	6.0	11.0	27	18	H	町田	△	1	1	17.0	26.0	-9.0	7.0	7.0	11.0	28	18	A	福岡	○	3	0	20.0	26.0	-6.0	8.0	7.0	11.0	31	16	H	甲府	●	1	2	21.0	28.0	-7.0	8.0	7.0	12.0	31	17	H	岐阜	△	1	1	22.0	29.0	-7.0	8.0	8.0	12.0	32	17	A	栃木	△	0	0	22.0	29.0	-7.0	8.0	9.0	12.0	33	17	A	熊本	△	1	1	23.0	30.0	-7.0	8.0	10.0	12.0	34	16	H	京都	○	1	0	24.0	30.0	-6.0	9.0	10.0	12.0	37	16	A	松本	○	2	0	26.0	30.0	-4.0	10.0	10.0	12.0	40	15	A	湘南	●	0	2	26.0	32.0	-6.0	10.0	10.0	13.0	40	15	H	富山	●	0	1	26.0	33.0	-7.0	10.0	10.0	14.0	40	15	H	山形	○	3	1	29.0	34.0	-5.0	11.0	10.0	14.0	43	15	A	鳥取	●	0	2	29.0	36.0	-7.0	11.0	10.0	15.0	43	16	A	千葉	●	0	2	29.0	38.0	-9.0	11.0	10.0	16.0	43	16	H	水戸	△	0	0	29.0	38.0	-9.0	11.0	11.0	16.0	44	16	H	岡山	○	1	0	30.0	38.0	-8.0	12.0	11.0	16.0	47	16	A	横浜FC	●	0	3	30.0	41.0	-11.0	12.0	11.0	17.0	47	16	A	愛媛	●	1	3	31.0	44.0	-13.0	12.0	11.0	18.0	47	17	H	東京Ｖ	●	0	1	31.0	45.0	-14.0	12.0	11.0	19.0	47	17
5,★千葉	H	山形	○	2	0	2.0	0.0	2.0	1.0	0.0	0.0	3	1	A	京都	●	0	2	2.0	2.0	0.0	1.0	0.0	1.0	3	11	H	横浜FC	○	3	0	5.0	2.0	3.0	2.0	0.0	1.0	6	5	A	福岡	△	0	0	5.0	2.0	3.0	2.0	1.0	1.0	7	7	H	徳島	○	3	0	8.0	2.0	6.0	3.0	1.0	1.0	10	3	A	栃木	●	1	2	9.0	4.0	5.0	3.0	1.0	2.0	10	7	A	水戸	○	1	0	10.0	4.0	6.0	4.0	1.0	2.0	13	5	H	岡山	△	0	0	10.0	4.0	6.0	4.0	2.0	2.0	14	6	A	松本	●	0	1	10.0	5.0	5.0	4.0	2.0	3.0	14	11	H	富山	△	1	1	11.0	6.0	5.0	4.0	3.0	3.0	15	11	A	北九州	○	2	1	13.0	7.0	6.0	5.0	3.0	3.0	18	10	A	草津	○	2	0	15.0	7.0	8.0	6.0	3.0	3.0	21	8	H	愛媛	○	1	0	16.0	7.0	9.0	7.0	3.0	3.0	24	6	A	町田	○	6	1	22.0	8.0	14.0	8.0	3.0	3.0	27	4	H	熊本	○	4	0	26.0	8.0	18.0	9.0	3.0	3.0	30	3	A	大分	○	2	0	28.0	8.0	20.0	10.0	3.0	3.0	33	2	H	岐阜	●	0	1	28.0	9.0	19.0	10.0	3.0	4.0	33	3	A	甲府	○	2	0	30.0	9.0	21.0	11.0	3.0	4.0	36	2	H	鳥取	○	3	1	33.0	10.0	23.0	12.0	3.0	4.0	39	1	A	東京Ｖ	●	1	2	34.0	12.0	22.0	12.0	3.0	5.0	39	2	H	湘南	△	1	1	35.0	13.0	22.0	12.0	4.0	5.0	40	2	A	熊本	●	0	1	35.0	14.0	21.0	12.0	4.0	6.0	40	5	H	京都	○	3	2	38.0	16.0	22.0	13.0	4.0	6.0	43	2	A	横浜FC	○	1	0	39.0	16.0	23.0	14.0	4.0	6.0	46	1	H	甲府	●	0	1	39.0	17.0	22.0	14.0	4.0	7.0	46	3	A	岡山	○	1	0	40.0	17.0	23.0	15.0	4.0	7.0	49	2	H	栃木	△	0	0	40.0	17.0	23.0	15.0	5.0	7.0	50	4	H	町田	●	0	1	40.0	18.0	22.0	15.0	5.0	8.0	50	6	A	鳥取	●	1	2	41.0	20.0	21.0	15.0	5.0	9.0	50	7	A	岐阜	△	0	0	41.0	20.0	21.0	15.0	6.0	9.0	51	7	H	水戸	○	3	0	44.0	20.0	24.0	16.0	6.0	9.0	54	6	H	福岡	○	2	1	46.0	21.0	25.0	17.0	6.0	9.0	57	3	A	富山	●	0	2	46.0	23.0	23.0	17.0	6.0	10.0	57	4	H	北九州	●	0	3	46.0	26.0	20.0	17.0	6.0	11.0	57	5	H	東京Ｖ	△	2	2	48.0	28.0	20.0	17.0	7.0	11.0	58	4	A	愛媛	△	2	2	50.0	30.0	20.0	17.0	8.0	11.0	59	5	H	草津	○	2	0	52.0	30.0	22.0	18.0	8.0	11.0	62	4	H	大分	●	1	2	53.0	32.0	21.0	18.0	8.0	12.0	62	5	A	湘南	△	1	1	54.0	33.0	21.0	18.0	9.0	12.0	63	6	A	山形	○	2	0	56.0	33.0	23.0	19.0	9.0	12.0	66	6	H	松本	○	2	0	58.0	33.0	25.0	20.0	9.0	12.0	69	6	A	徳島	○	3	0	61.0	33.0	28.0	21.0	9.0	12.0	72	5
7,★東京Ｖ	H	松本	○	2	0	2.0	0.0	2.0	1.0	0.0	0.0	3	1	H	甲府	●	1	3	3.0	3.0	0.0	1.0	0.0	1.0	3	9	A	富山	○	4	1	7.0	4.0	3.0	2.0	0.0	1.0	6	4	A	横浜FC	△	0	0	7.0	4.0	3.0	2.0	1.0	1.0	7	6	H	草津	○	2	0	9.0	4.0	5.0	3.0	1.0	1.0	10	4	A	町田	○	2	1	11.0	5.0	6.0	4.0	1.0	1.0	13	2	H	徳島	○	2	0	13.0	5.0	8.0	5.0	1.0	1.0	16	2	A	京都	●	0	1	13.0	6.0	7.0	5.0	1.0	2.0	16	3	H	湘南	●	1	2	14.0	8.0	6.0	5.0	1.0	3.0	16	5	A	福岡	○	3	1	17.0	9.0	8.0	6.0	1.0	3.0	19	4	H	山形	●	0	2	17.0	11.0	6.0	6.0	1.0	4.0	19	6	A	熊本	○	2	0	19.0	11.0	8.0	7.0	1.0	4.0	22	4	A	水戸	○	2	0	21.0	11.0	10.0	8.0	1.0	4.0	25	3	H	岡山	●	0	1	21.0	12.0	9.0	8.0	1.0	5.0	25	5	A	北九州	○	5	1	26.0	13.0	13.0	9.0	1.0	5.0	28	5	A	栃木	●	2	3	28.0	16.0	12.0	9.0	1.0	6.0	28	6	H	大分	○	3	1	31.0	17.0	14.0	10.0	1.0	6.0	31	4	A	鳥取	○	2	0	33.0	17.0	16.0	11.0	1.0	6.0	34	4	H	岐阜	○	4	1	37.0	18.0	19.0	12.0	1.0	6.0	37	2	H	千葉	○	2	1	39.0	19.0	20.0	13.0	1.0	6.0	40	1	A	愛媛	●	1	3	40.0	22.0	18.0	13.0	1.0	7.0	40	3	H	水戸	○	2	0	42.0	22.0	20.0	14.0	1.0	7.0	43	1	A	松本	●	2	3	44.0	25.0	19.0	14.0	1.0	8.0	43	3	H	鳥取	○	1	0	45.0	25.0	20.0	15.0	1.0	8.0	46	2	H	熊本	○	2	0	47.0	25.0	22.0	16.0	1.0	8.0	49	1	A	甲府	●	1	3	48.0	28.0	20.0	16.0	1.0	9.0	49	3	H	富山	○	1	0	49.0	28.0	21.0	17.0	1.0	9.0	52	2	H	京都	●	0	1	49.0	29.0	20.0	17.0	1.0	10.0	52	2	A	湘南	△	1	1	50.0	30.0	20.0	17.0	2.0	10.0	53	3	A	大分	●	1	2	51.0	32.0	19.0	17.0	2.0	11.0	53	5	H	北九州	●	0	2	51.0	34.0	17.0	17.0	2.0	12.0	53	7	A	岐阜	●	0	1	51.0	35.0	16.0	17.0	2.0	13.0	53	7	H	福岡	△	1	1	52.0	36.0	16.0	17.0	3.0	13.0	54	7	H	愛媛	○	3	0	55.0	36.0	19.0	18.0	3.0	13.0	57	6	A	千葉	△	2	2	57.0	38.0	19.0	18.0	4.0	13.0	58	5	A	山形	△	1	1	58.0	39.0	19.0	18.0	5.0	13.0	59	6	H	町田	△	1	1	59.0	40.0	19.0	18.0	6.0	13.0	60	7	A	岡山	●	0	2	59.0	42.0	17.0	18.0	6.0	14.0	60	7	H	栃木	○	4	1	63.0	43.0	20.0	19.0	6.0	14.0	63	7	A	徳島	●	1	2	64.0	45.0	19.0	19.0	6.0	15.0	63	7	H	横浜FC	●	0	1	64.0	46.0	18.0	19.0	6.0	16.0	63	7	A	草津	○	1	0	65.0	46.0	19.0	20.0	6.0	16.0	66	7
22,★町田	A	愛媛	●	0	2	0.0	2.0	-2.0	0.0	0.0	1.0	0	20	H	福岡	●	0	1	0.0	3.0	-3.0	0.0	0.0	2.0	0	21	A	鳥取	○	3	0	3.0	3.0	0.0	1.0	0.0	2.0	3	13	H	熊本	○	1	0	4.0	3.0	1.0	2.0	0.0	2.0	6	12	A	京都	●	1	2	5.0	5.0	0.0	2.0	0.0	3.0	6	13	H	東京Ｖ	●	1	2	6.0	7.0	-1.0	2.0	0.0	4.0	6	16	A	湘南	●	0	2	6.0	9.0	-3.0	2.0	0.0	5.0	6	17	H	栃木	●	0	3	6.0	12.0	-6.0	2.0	0.0	6.0	6	18	A	甲府	△	1	1	7.0	13.0	-6.0	2.0	1.0	6.0	7	18	H	松本	●	0	1	7.0	14.0	-7.0	2.0	1.0	7.0	7	19	A	横浜FC	○	4	2	11.0	16.0	-5.0	3.0	1.0	7.0	10	16	H	北九州	●	0	1	11.0	17.0	-6.0	3.0	1.0	8.0	10	18	A	富山	△	1	1	12.0	18.0	-6.0	3.0	2.0	8.0	11	18	H	千葉	●	1	6	13.0	24.0	-11.0	3.0	2.0	9.0	11	20	A	大分	●	1	2	14.0	26.0	-12.0	3.0	2.0	10.0	11	20	H	水戸	△	0	0	14.0	26.0	-12.0	3.0	3.0	10.0	12	21	A	徳島	●	0	1	14.0	27.0	-13.0	3.0	3.0	11.0	12	21	H	草津	●	0	2	14.0	29.0	-15.0	3.0	3.0	12.0	12	22	A	岡山	●	1	2	15.0	31.0	-16.0	3.0	3.0	13.0	12	22	H	山形	△	0	0	15.0	31.0	-16.0	3.0	4.0	13.0	13	22	A	岐阜	●	0	1	15.0	32.0	-17.0	3.0	4.0	14.0	13	22	H	横浜FC	●	0	4	15.0	36.0	-21.0	3.0	4.0	15.0	13	22	H	甲府	●	0	1	15.0	37.0	-22.0	3.0	4.0	16.0	13	22	A	栃木	●	0	1	15.0	38.0	-23.0	3.0	4.0	17.0	13	22	A	草津	△	1	1	16.0	39.0	-23.0	3.0	5.0	17.0	14	22	H	京都	●	1	2	17.0	41.0	-24.0	3.0	5.0	18.0	14	22	A	北九州	△	1	1	18.0	42.0	-24.0	3.0	6.0	18.0	15	22	A	千葉	○	1	0	19.0	42.0	-23.0	4.0	6.0	18.0	18	22	H	徳島	○	1	0	20.0	42.0	-22.0	5.0	6.0	18.0	21	20	H	鳥取	△	0	0	20.0	42.0	-22.0	5.0	7.0	18.0	22	20	A	山形	●	1	3	21.0	45.0	-24.0	5.0	7.0	19.0	22	21	H	岡山	△	2	2	23.0	47.0	-24.0	5.0	8.0	19.0	23	21	A	松本	●	0	3	23.0	50.0	-27.0	5.0	8.0	20.0	23	22	A	福岡	△	1	1	24.0	51.0	-27.0	5.0	9.0	20.0	24	22	H	富山	○	3	2	27.0	53.0	-26.0	6.0	9.0	20.0	27	22	H	大分	●	1	3	28.0	56.0	-28.0	6.0	9.0	21.0	27	22	A	東京Ｖ	△	1	1	29.0	57.0	-28.0	6.0	10.0	21.0	28	22	A	熊本	●	1	2	30.0	59.0	-29.0	6.0	10.0	22.0	28	22	H	愛媛	●	2	4	32.0	63.0	-31.0	6.0	10.0	23.0	28	22	H	岐阜	○	1	0	33.0	63.0	-30.0	7.0	10.0	23.0	31	22	A	水戸	△	1	1	34.0	64.0	-30.0	7.0	11.0	23.0	32	22	H	湘南	●	0	3	34.0	67.0	-33.0	7.0	11.0	24.0	32	22
4,★横浜FC	A	水戸	●	1	2	1.0	2.0	-1.0	0.0	0.0	1.0	0	15	H	愛媛	△	0	0	1.0	2.0	-1.0	0.0	1.0	1.0	1	16	A	千葉	●	0	3	1.0	5.0	-4.0	0.0	1.0	2.0	1	22	H	東京Ｖ	△	0	0	1.0	5.0	-4.0	0.0	2.0	2.0	2	21	H	甲府	●	0	2	1.0	7.0	-6.0	0.0	2.0	3.0	2	22	A	草津	△	1	1	2.0	8.0	-6.0	0.0	3.0	3.0	3	21	H	山形	●	1	2	3.0	10.0	-7.0	0.0	3.0	4.0	3	21	A	湘南	●	2	3	5.0	13.0	-8.0	0.0	3.0	5.0	3	22	H	京都	○	2	1	7.0	14.0	-7.0	1.0	3.0	5.0	6	19	A	岐阜	○	2	0	9.0	14.0	-5.0	2.0	3.0	5.0	9	16	H	町田	●	2	4	11.0	18.0	-7.0	2.0	3.0	6.0	9	19	H	岡山	●	0	1	11.0	19.0	-8.0	2.0	3.0	7.0	9	21	A	北九州	○	2	1	13.0	20.0	-7.0	3.0	3.0	7.0	12	15	H	富山	○	3	0	16.0	20.0	-4.0	4.0	3.0	7.0	15	15	A	松本	○	2	0	18.0	20.0	-2.0	5.0	3.0	7.0	18	14	A	鳥取	○	5	2	23.0	22.0	1.0	6.0	3.0	7.0	21	13	H	熊本	○	2	0	25.0	22.0	3.0	7.0	3.0	7.0	24	12	A	徳島	○	2	1	27.0	23.0	4.0	8.0	3.0	7.0	27	10	H	大分	●	0	1	27.0	24.0	3.0	8.0	3.0	8.0	27	11	A	栃木	○	4	3	31.0	27.0	4.0	9.0	3.0	8.0	30	9	H	福岡	△	1	1	32.0	28.0	4.0	9.0	4.0	8.0	31	10	A	町田	○	4	0	36.0	28.0	8.0	10.0	4.0	8.0	34	9	A	岡山	○	1	0	37.0	28.0	9.0	11.0	4.0	8.0	37	7	H	千葉	●	0	1	37.0	29.0	8.0	11.0	4.0	9.0	37	9	H	鳥取	○	3	1	40.0	30.0	10.0	12.0	4.0	9.0	40	9	A	富山	△	0	0	40.0	30.0	10.0	12.0	5.0	9.0	41	9	H	湘南	○	1	0	41.0	30.0	11.0	13.0	5.0	9.0	44	9	A	山形	○	1	0	42.0	30.0	12.0	14.0	5.0	9.0	47	8	A	京都	●	1	2	43.0	32.0	11.0	14.0	5.0	10.0	47	8	H	水戸	○	2	1	45.0	33.0	12.0	15.0	5.0	10.0	50	8	A	甲府	●	1	2	46.0	35.0	11.0	15.0	5.0	11.0	50	8	H	栃木	●	1	3	47.0	38.0	9.0	15.0	5.0	12.0	50	9	A	愛媛	○	1	0	48.0	38.0	10.0	16.0	5.0	12.0	53	8	H	松本	△	1	1	49.0	39.0	10.0	16.0	6.0	12.0	54	8	H	徳島	○	1	0	50.0	39.0	11.0	17.0	6.0	12.0	57	7	A	福岡	△	1	1	51.0	40.0	11.0	17.0	7.0	12.0	58	7	A	大分	○	2	1	53.0	41.0	12.0	18.0	7.0	12.0	61	6	H	北九州	●	1	2	54.0	43.0	11.0	18.0	7.0	13.0	61	6	A	熊本	○	1	0	55.0	43.0	12.0	19.0	7.0	13.0	64	5	H	草津	○	3	0	58.0	43.0	15.0	20.0	7.0	13.0	67	5	A	東京Ｖ	○	1	0	59.0	43.0	16.0	21.0	7.0	13.0	70	5	H	岐阜	○	3	2	62.0	45.0	17.0	22.0	7.0	13.0	73	4
2,★湘南	H	京都	○	2	1	2.0	1.0	1.0	1.0	0.0	0.0	3	5	A	草津	○	3	1	5.0	2.0	3.0	2.0	0.0	0.0	6	2	H	福岡	○	3	1	8.0	3.0	5.0	3.0	0.0	0.0	9	1	H	岐阜	○	2	1	10.0	4.0	6.0	4.0	0.0	0.0	12	1	A	熊本	△	3	3	13.0	7.0	6.0	4.0	1.0	0.0	13	1	A	鳥取	○	2	1	15.0	8.0	7.0	5.0	1.0	0.0	16	1	H	町田	○	2	0	17.0	8.0	9.0	6.0	1.0	0.0	19	1	H	横浜FC	○	3	2	20.0	10.0	10.0	7.0	1.0	0.0	22	1	A	東京Ｖ	○	2	1	22.0	11.0	11.0	8.0	1.0	0.0	25	1	H	水戸	●	1	2	23.0	13.0	10.0	8.0	1.0	1.0	25	1	A	愛媛	●	1	2	24.0	15.0	9.0	8.0	1.0	2.0	25	1	H	甲府	△	1	1	25.0	16.0	9.0	8.0	2.0	2.0	26	1	A	松本	△	1	1	26.0	17.0	9.0	8.0	3.0	2.0	27	2	H	大分	△	1	1	27.0	18.0	9.0	8.0	4.0	2.0	28	2	A	栃木	△	1	1	28.0	19.0	9.0	8.0	5.0	2.0	29	4	H	徳島	△	0	0	28.0	19.0	9.0	8.0	6.0	2.0	30	4	A	北九州	●	2	3	30.0	22.0	8.0	8.0	6.0	3.0	30	6	H	富山	○	1	0	31.0	22.0	9.0	9.0	6.0	3.0	33	5	A	山形	○	2	1	33.0	23.0	10.0	10.0	6.0	3.0	36	4	H	岡山	○	2	0	35.0	23.0	12.0	11.0	6.0	3.0	39	3	A	千葉	△	1	1	36.0	24.0	12.0	11.0	7.0	3.0	40	4	H	松本	△	1	1	37.0	25.0	12.0	11.0	8.0	3.0	41	2	A	水戸	△	1	1	38.0	26.0	12.0	11.0	9.0	3.0	42	4	A	大分	○	4	1	42.0	27.0	15.0	12.0	9.0	3.0	45	3	H	山形	△	0	0	42.0	27.0	15.0	12.0	10.0	3.0	46	4	H	北九州	○	1	0	43.0	27.0	16.0	13.0	10.0	3.0	49	4	A	横浜FC	●	0	1	43.0	28.0	15.0	13.0	10.0	4.0	49	5	A	福岡	○	3	1	46.0	29.0	17.0	14.0	10.0	4.0	52	3	H	東京Ｖ	△	1	1	47.0	30.0	17.0	14.0	11.0	4.0	53	4	A	徳島	△	0	0	47.0	30.0	17.0	14.0	12.0	4.0	54	3	H	栃木	○	2	1	49.0	31.0	18.0	15.0	12.0	4.0	57	2	A	京都	○	2	1	51.0	32.0	19.0	16.0	12.0	4.0	60	2	H	草津	○	2	0	53.0	32.0	21.0	17.0	12.0	4.0	63	2	A	岡山	●	1	3	54.0	35.0	19.0	17.0	12.0	5.0	63	2	A	岐阜	●	2	3	56.0	38.0	18.0	17.0	12.0	6.0	63	2	H	熊本	●	1	2	57.0	40.0	17.0	17.0	12.0	7.0	63	2	H	愛媛	△	0	0	57.0	40.0	17.0	17.0	13.0	7.0	64	2	A	甲府	△	2	2	59.0	42.0	17.0	17.0	14.0	7.0	65	2	H	千葉	△	1	1	60.0	43.0	17.0	17.0	15.0	7.0	66	3	A	富山	○	2	0	62.0	43.0	19.0	18.0	15.0	7.0	69	3	H	鳥取	○	1	0	63.0	43.0	20.0	19.0	15.0	7.0	72	3	A	町田	○	3	0	66.0	43.0	23.0	20.0	15.0	7.0	75	2
1,★甲府	H	栃木	○	2	1	2.0	1.0	1.0	1.0	0.0	0.0	3	5	A	東京Ｖ	○	3	1	5.0	2.0	3.0	2.0	0.0	0.0	6	2	H	愛媛	○	2	1	7.0	3.0	4.0	3.0	0.0	0.0	9	3	A	山形	●	1	2	8.0	5.0	3.0	3.0	0.0	1.0	9	3	A	横浜FC	○	2	0	10.0	5.0	5.0	4.0	0.0	1.0	12	2	H	北九州	●	1	2	11.0	7.0	4.0	4.0	0.0	2.0	12	4	H	大分	○	1	0	12.0	7.0	5.0	5.0	0.0	2.0	15	3	A	鳥取	△	0	0	12.0	7.0	5.0	5.0	1.0	2.0	16	4	H	町田	△	1	1	13.0	8.0	5.0	5.0	2.0	2.0	17	4	A	徳島	○	2	0	15.0	8.0	7.0	6.0	2.0	2.0	20	3	H	福岡	△	1	1	16.0	9.0	7.0	6.0	3.0	2.0	21	3	A	湘南	△	1	1	17.0	10.0	7.0	6.0	4.0	2.0	22	5	H	京都	●	0	3	17.0	13.0	4.0	6.0	4.0	3.0	22	8	A	熊本	△	0	0	17.0	13.0	4.0	6.0	5.0	3.0	23	9	H	草津	○	2	0	19.0	13.0	6.0	7.0	5.0	3.0	26	7	A	岐阜	○	3	0	22.0	13.0	9.0	8.0	5.0	3.0	29	5	A	松本	△	1	1	23.0	14.0	9.0	8.0	6.0	3.0	30	5	H	千葉	●	0	2	23.0	16.0	7.0	8.0	6.0	4.0	30	7	A	水戸	○	3	1	26.0	17.0	9.0	9.0	6.0	4.0	33	7	H	富山	○	4	1	30.0	18.0	12.0	10.0	6.0	4.0	36	6	A	岡山	△	1	1	31.0	19.0	12.0	10.0	7.0	4.0	37	6	H	岐阜	△	0	0	31.0	19.0	12.0	10.0	8.0	4.0	38	6	A	町田	○	1	0	32.0	19.0	13.0	11.0	8.0	4.0	41	6	H	松本	○	2	1	34.0	20.0	14.0	12.0	8.0	4.0	44	5	A	千葉	○	1	0	35.0	20.0	15.0	13.0	8.0	4.0	47	2	H	東京Ｖ	○	3	1	38.0	21.0	17.0	14.0	8.0	4.0	50	1	A	草津	○	2	1	40.0	22.0	18.0	15.0	8.0	4.0	53	1	H	水戸	○	1	0	41.0	22.0	19.0	16.0	8.0	4.0	56	1	A	富山	△	1	1	42.0	23.0	19.0	16.0	9.0	4.0	57	1	H	山形	△	0	0	42.0	23.0	19.0	16.0	10.0	4.0	58	1	H	横浜FC	○	2	1	44.0	24.0	20.0	17.0	10.0	4.0	61	1	A	大分	○	2	1	46.0	25.0	21.0	18.0	10.0	4.0	64	1	H	岡山	○	1	0	47.0	25.0	22.0	19.0	10.0	4.0	67	1	H	鳥取	△	1	1	48.0	26.0	22.0	19.0	11.0	4.0	68	1	A	北九州	○	3	2	51.0	28.0	23.0	20.0	11.0	4.0	71	1	A	栃木	○	2	1	53.0	29.0	24.0	21.0	11.0	4.0	74	1	H	徳島	○	3	2	56.0	31.0	25.0	22.0	11.0	4.0	77	1	H	湘南	△	2	2	58.0	33.0	25.0	22.0	12.0	4.0	78	1	A	福岡	○	3	2	61.0	35.0	26.0	23.0	12.0	4.0	81	1	A	愛媛	△	0	0	61.0	35.0	26.0	23.0	13.0	4.0	82	1	H	熊本	○	2	0	63.0	35.0	28.0	24.0	13.0	4.0	85	1	A	京都	△	0	0	63.0	35.0	28.0	24.0	14.0	4.0	86	1
12,★松本	A	東京Ｖ	●	0	2	0.0	2.0	-2.0	0.0	0.0	1.0	0	20	H	山形	●	1	2	1.0	4.0	-3.0	0.0	0.0	2.0	0	20	H	北九州	○	1	0	2.0	4.0	-2.0	1.0	0.0	2.0	3	15	A	愛媛	●	0	3	2.0	7.0	-5.0	1.0	0.0	3.0	3	18	A	水戸	△	0	0	2.0	7.0	-5.0	1.0	1.0	3.0	4	18	H	富山	●	0	3	2.0	10.0	-8.0	1.0	1.0	4.0	4	20	A	岡山	●	0	1	2.0	11.0	-9.0	1.0	1.0	5.0	4	20	A	熊本	○	3	0	5.0	11.0	-6.0	2.0	1.0	5.0	7	17	H	千葉	○	1	0	6.0	11.0	-5.0	3.0	1.0	5.0	10	15	A	町田	○	1	0	7.0	11.0	-4.0	4.0	1.0	5.0	13	14	H	京都	△	0	0	7.0	11.0	-4.0	4.0	2.0	5.0	14	14	A	徳島	●	0	1	7.0	12.0	-5.0	4.0	2.0	6.0	14	14	H	湘南	△	1	1	8.0	13.0	-5.0	4.0	3.0	6.0	15	14	A	岐阜	○	1	0	9.0	13.0	-4.0	5.0	3.0	6.0	18	13	H	横浜FC	●	0	2	9.0	15.0	-6.0	5.0	3.0	7.0	18	15	A	草津	△	0	0	9.0	15.0	-6.0	5.0	4.0	7.0	19	15	H	甲府	△	1	1	10.0	16.0	-6.0	5.0	5.0	7.0	20	15	A	大分	●	0	2	10.0	18.0	-8.0	5.0	5.0	8.0	20	15	H	福岡	△	2	2	12.0	20.0	-8.0	5.0	6.0	8.0	21	16	A	鳥取	○	1	0	13.0	20.0	-7.0	6.0	6.0	8.0	24	16	H	栃木	●	0	2	13.0	22.0	-9.0	6.0	6.0	9.0	24	16	A	湘南	△	1	1	14.0	23.0	-9.0	6.0	7.0	9.0	25	17	H	東京Ｖ	○	3	2	17.0	25.0	-8.0	7.0	7.0	9.0	28	17	A	甲府	●	1	2	18.0	27.0	-9.0	7.0	7.0	10.0	28	17	H	岡山	○	3	0	21.0	27.0	-6.0	8.0	7.0	10.0	31	15	A	山形	△	1	1	22.0	28.0	-6.0	8.0	8.0	10.0	32	15	H	愛媛	△	1	1	23.0	29.0	-6.0	8.0	9.0	10.0	33	16	A	富山	○	2	1	25.0	30.0	-5.0	9.0	9.0	10.0	36	14	H	熊本	△	0	0	25.0	30.0	-5.0	9.0	10.0	10.0	37	14	A	京都	○	1	0	26.0	30.0	-4.0	10.0	10.0	10.0	40	13	A	福岡	△	2	2	28.0	32.0	-4.0	10.0	11.0	10.0	41	13	H	草津	●	0	2	28.0	34.0	-6.0	10.0	11.0	11.0	41	14	H	町田	○	3	0	31.0	34.0	-3.0	11.0	11.0	11.0	44	13	A	横浜FC	△	1	1	32.0	35.0	-3.0	11.0	12.0	11.0	45	13	H	鳥取	○	7	1	39.0	36.0	3.0	12.0	12.0	11.0	48	13	A	北九州	○	1	0	40.0	36.0	4.0	13.0	12.0	11.0	51	13	H	徳島	△	1	1	41.0	37.0	4.0	13.0	13.0	11.0	52	13	H	岐阜/36節	○	1	0	42.0	37.0	5.0	14.0	13.0	11.0	55	11	H	水戸	○	2	1	44.0	38.0	6.0	15.0	13.0	11.0	58	9	A	栃木	●	2	3	46.0	41.0	5.0	15.0	13.0	12.0	58	11	A	千葉	●	0	2	46.0	43.0	3.0	15.0	13.0	13.0	58	12	H	大分	△	0	0	46.0	43.0	3.0	15.0	14.0	13.0	59	12
19,★富山	A	岡山	△	1	1	1.0	1.0	0.0	0.0	1.0	0.0	1	12	A	水戸	●	0	1	1.0	2.0	-1.0	0.0	1.0	1.0	1	16	H	東京Ｖ	●	1	4	2.0	6.0	-4.0	0.0	1.0	2.0	1	21	A	栃木	△	0	0	2.0	6.0	-4.0	0.0	2.0	2.0	2	20	H	北九州	●	2	3	4.0	9.0	-5.0	0.0	2.0	3.0	2	20	A	松本	○	3	0	7.0	9.0	-2.0	1.0	2.0	3.0	5	18	H	草津	●	1	2	8.0	11.0	-3.0	1.0	2.0	4.0	5	18	A	山形	●	0	1	8.0	12.0	-4.0	1.0	2.0	5.0	5	19	H	大分	●	2	3	10.0	15.0	-5.0	1.0	2.0	6.0	5	21	A	千葉	△	1	1	11.0	16.0	-5.0	1.0	3.0	6.0	6	20	H	岐阜	○	1	0	12.0	16.0	-4.0	2.0	3.0	6.0	9	18	A	鳥取	●	0	1	12.0	17.0	-5.0	2.0	3.0	7.0	9	20	H	町田	△	1	1	13.0	18.0	-5.0	2.0	4.0	7.0	10	21	A	横浜FC	●	0	3	13.0	21.0	-8.0	2.0	4.0	8.0	10	21	H	福岡	●	0	1	13.0	22.0	-9.0	2.0	4.0	9.0	10	21	A	愛媛	○	1	0	14.0	22.0	-8.0	3.0	4.0	9.0	13	19	H	京都	△	1	1	15.0	23.0	-8.0	3.0	5.0	9.0	14	19	A	湘南	●	0	1	15.0	24.0	-9.0	3.0	5.0	10.0	14	19	H	徳島	●	0	1	15.0	25.0	-10.0	3.0	5.0	11.0	14	19	A	甲府	●	1	4	16.0	29.0	-13.0	3.0	5.0	12.0	14	19	H	熊本	●	0	2	16.0	31.0	-15.0	3.0	5.0	13.0	14	21	A	大分	△	1	1	17.0	32.0	-15.0	3.0	6.0	13.0	15	21	H	山形	△	1	1	18.0	33.0	-15.0	3.0	7.0	13.0	16	21	A	岐阜	△	2	2	20.0	35.0	-15.0	3.0	8.0	13.0	17	20	H	栃木	●	1	2	21.0	37.0	-16.0	3.0	8.0	14.0	17	20	H	横浜FC	△	0	0	21.0	37.0	-16.0	3.0	9.0	14.0	18	21	A	東京Ｖ	●	0	1	21.0	38.0	-17.0	3.0	9.0	15.0	18	21	H	松本	●	1	2	22.0	40.0	-18.0	3.0	9.0	16.0	18	21	H	甲府	△	1	1	23.0	41.0	-18.0	3.0	10.0	16.0	19	22	A	福岡	●	2	3	25.0	44.0	-19.0	3.0	10.0	17.0	19	22	A	熊本	●	0	3	25.0	47.0	-22.0	3.0	10.0	18.0	19	22	H	愛媛	○	1	0	26.0	47.0	-21.0	4.0	10.0	18.0	22	22	H	千葉	○	2	0	28.0	47.0	-19.0	5.0	10.0	18.0	25	21	A	草津	○	1	0	29.0	47.0	-18.0	6.0	10.0	18.0	28	20	A	町田	●	2	3	31.0	50.0	-19.0	6.0	10.0	19.0	28	20	H	岡山	△	1	1	32.0	51.0	-19.0	6.0	11.0	19.0	29	21	H	鳥取	○	2	1	34.0	52.0	-18.0	7.0	11.0	19.0	32	20	A	京都	○	1	0	35.0	52.0	-17.0	8.0	11.0	19.0	35	19	A	徳島	●	0	3	35.0	55.0	-20.0	8.0	11.0	20.0	35	19	H	湘南	●	0	2	35.0	57.0	-22.0	8.0	11.0	21.0	35	19	A	北九州	●	0	1	35.0	58.0	-23.0	8.0	11.0	22.0	35	19	H	水戸	○	3	1	38.0	59.0	-21.0	9.0	11.0	22.0	38	19
21,★岐阜	H	鳥取	△	2	2	2.0	2.0	0.0	0.0	1.0	0.0	1	10	A	徳島	●	0	3	2.0	5.0	-3.0	0.0	1.0	1.0	1	19	H	草津	△	0	0	2.0	5.0	-3.0	0.0	2.0	1.0	2	17	A	湘南	●	1	2	3.0	7.0	-4.0	0.0	2.0	2.0	2	19	H	大分	●	0	2	3.0	9.0	-6.0	0.0	2.0	3.0	2	21	A	熊本	●	0	3	3.0	12.0	-9.0	0.0	2.0	4.0	2	22	H	京都	●	0	1	3.0	13.0	-10.0	0.0	2.0	5.0	2	22	H	北九州	○	1	0	4.0	13.0	-9.0	1.0	2.0	5.0	5	21	A	栃木	△	1	1	5.0	14.0	-9.0	1.0	3.0	5.0	6	20	H	横浜FC	●	0	2	5.0	16.0	-11.0	1.0	3.0	6.0	6	21	A	富山	●	0	1	5.0	17.0	-12.0	1.0	3.0	7.0	6	22	H	水戸	●	0	1	5.0	18.0	-13.0	1.0	3.0	8.0	6	22	A	岡山	○	1	0	6.0	18.0	-12.0	2.0	3.0	8.0	9	22	H	松本	●	0	1	6.0	19.0	-13.0	2.0	3.0	9.0	9	22	A	山形	●	1	2	7.0	21.0	-14.0	2.0	3.0	10.0	9	22	H	甲府	●	0	3	7.0	24.0	-17.0	2.0	3.0	11.0	9	22	A	千葉	○	1	0	8.0	24.0	-16.0	3.0	3.0	11.0	12	22	H	愛媛	△	1	1	9.0	25.0	-16.0	3.0	4.0	11.0	13	21	A	東京Ｖ	●	1	4	10.0	29.0	-19.0	3.0	4.0	12.0	13	21	A	福岡	△	0	0	10.0	29.0	-19.0	3.0	5.0	12.0	14	20	H	町田	○	1	0	11.0	29.0	-18.0	4.0	5.0	12.0	17	19	A	甲府	△	0	0	11.0	29.0	-18.0	4.0	6.0	12.0	18	19	H	熊本	●	0	2	11.0	31.0	-20.0	4.0	6.0	13.0	18	19	H	富山	△	2	2	13.0	33.0	-20.0	4.0	7.0	13.0	19	19	A	大分	△	2	2	15.0	35.0	-20.0	4.0	8.0	13.0	20	19	A	鳥取	●	0	1	15.0	36.0	-21.0	4.0	8.0	14.0	20	19	H	福岡	●	0	3	15.0	39.0	-24.0	4.0	8.0	15.0	20	19	A	草津	△	1	1	16.0	40.0	-24.0	4.0	9.0	15.0	21	19	H	岡山	●	1	2	17.0	42.0	-25.0	4.0	9.0	16.0	21	21	H	千葉	△	0	0	17.0	42.0	-25.0	4.0	10.0	16.0	22	21	A	愛媛	△	0	0	17.0	42.0	-25.0	4.0	11.0	16.0	23	20	H	東京Ｖ	○	1	0	18.0	42.0	-24.0	5.0	11.0	16.0	26	19	A	北九州	●	1	2	19.0	44.0	-25.0	5.0	11.0	17.0	26	20	H	栃木	○	1	0	20.0	44.0	-24.0	6.0	11.0	17.0	29	19	H	湘南	○	3	2	23.0	46.0	-23.0	7.0	11.0	17.0	32	19	A	水戸	△	1	1	24.0	47.0	-23.0	7.0	12.0	17.0	33	19	H	山形	△	0	0	24.0	47.0	-23.0	7.0	13.0	17.0	34	20	A	松本/36節	●	0	1	24.0	48.0	-24.0	7.0	13.0	18.0	34	20	A	京都	●	1	3	25.0	51.0	-26.0	7.0	13.0	19.0	34	21	A	町田	●	0	1	25.0	52.0	-27.0	7.0	13.0	20.0	34	21	H	徳島	△	0	0	25.0	52.0	-27.0	7.0	14.0	20.0	35	20	A	横浜FC	●	2	3	27.0	55.0	-28.0	7.0	14.0	21.0	35	21
3,★京都	A	湘南	●	1	2	1.0	2.0	-1.0	0.0	0.0	1.0	0	15	H	千葉	○	2	0	3.0	2.0	1.0	1.0	0.0	1.0	3	8	H	熊本	○	2	0	5.0	2.0	3.0	2.0	0.0	1.0	6	5	A	鳥取	●	1	2	6.0	4.0	2.0	2.0	0.0	2.0	6	11	H	町田	○	2	1	8.0	5.0	3.0	3.0	0.0	2.0	9	8	H	福岡	○	3	2	11.0	7.0	4.0	4.0	0.0	2.0	12	4	A	岐阜	○	1	0	12.0	7.0	5.0	5.0	0.0	2.0	15	3	H	東京Ｖ	○	1	0	13.0	7.0	6.0	6.0	0.0	2.0	18	2	A	横浜FC	●	1	2	14.0	9.0	5.0	6.0	0.0	3.0	18	3	H	大分	●	1	2	15.0	11.0	4.0	6.0	0.0	4.0	18	7	A	松本	△	0	0	15.0	11.0	4.0	6.0	1.0	4.0	19	7	H	栃木	○	1	0	16.0	11.0	5.0	7.0	1.0	4.0	22	6	A	甲府	○	3	0	19.0	11.0	8.0	8.0	1.0	4.0	25	4	H	徳島	○	2	1	21.0	12.0	9.0	9.0	1.0	4.0	28	3	A	岡山	○	2	1	23.0	13.0	10.0	10.0	1.0	4.0	31	2	H	北九州	○	1	0	24.0	13.0	11.0	11.0	1.0	4.0	34	1	A	富山	△	1	1	25.0	14.0	11.0	11.0	2.0	4.0	35	2	H	山形	△	2	2	27.0	16.0	11.0	11.0	3.0	4.0	36	3	A	愛媛	●	1	2	28.0	18.0	10.0	11.0	3.0	5.0	36	5	H	草津	●	0	1	28.0	19.0	9.0	11.0	3.0	6.0	36	7	A	水戸	●	1	3	29.0	22.0	7.0	11.0	3.0	7.0	36	7	H	岡山	△	1	1	30.0	23.0	7.0	11.0	4.0	7.0	37	7	A	千葉	●	2	3	32.0	26.0	6.0	11.0	4.0	8.0	37	8	A	熊本	○	1	0	33.0	26.0	7.0	12.0	4.0	8.0	40	7	H	愛媛	○	2	1	35.0	27.0	8.0	13.0	4.0	8.0	43	7	A	町田	○	2	1	37.0	28.0	9.0	14.0	4.0	8.0	46	7	H	鳥取	○	3	1	40.0	29.0	11.0	15.0	4.0	8.0	49	6	A	東京Ｖ	○	1	0	41.0	29.0	12.0	16.0	4.0	8.0	52	4	H	横浜FC	○	2	1	43.0	30.0	13.0	17.0	4.0	8.0	55	2	H	松本	●	0	1	43.0	31.0	12.0	17.0	4.0	9.0	55	2	A	草津	●	0	1	43.0	32.0	11.0	17.0	4.0	10.0	55	5	H	湘南	●	1	2	44.0	34.0	10.0	17.0	4.0	11.0	55	6	A	大分	●	0	2	44.0	36.0	8.0	17.0	4.0	12.0	55	6	A	山形	○	2	1	46.0	37.0	9.0	18.0	4.0	12.0	58	4	H	水戸	○	4	1	50.0	38.0	12.0	19.0	4.0	12.0	61	3	A	栃木	○	2	1	52.0	39.0	13.0	20.0	4.0	12.0	64	3	H	富山	●	0	1	52.0	40.0	12.0	20.0	4.0	13.0	64	4	H	岐阜	○	3	1	55.0	41.0	14.0	21.0	4.0	13.0	67	2	A	徳島/36節	○	4	2	59.0	43.0	16.0	22.0	4.0	13.0	70	2	A	北九州	●	0	2	59.0	45.0	14.0	22.0	4.0	14.0	70	2	A	福岡	○	2	0	61.0	45.0	16.0	23.0	4.0	14.0	73	2	H	甲府	△	0	0	61.0	45.0	16.0	23.0	5.0	14.0	74	3
20,★鳥取	A	岐阜	△	2	2	2.0	2.0	0.0	0.0	1.0	0.0	1	10	A	熊本	●	1	2	3.0	4.0	-1.0	0.0	1.0	1.0	1	15	H	町田	●	0	3	3.0	7.0	-4.0	0.0	1.0	2.0	1	20	H	京都	○	2	1	5.0	8.0	-3.0	1.0	1.0	2.0	4	15	A	福岡	●	0	4	5.0	12.0	-7.0	1.0	1.0	3.0	4	19	H	湘南	●	1	2	6.0	14.0	-8.0	1.0	1.0	4.0	4	19	A	北九州	●	0	1	6.0	15.0	-9.0	1.0	1.0	5.0	4	19	H	甲府	△	0	0	6.0	15.0	-9.0	1.0	2.0	5.0	5	20	A	岡山	●	0	2	6.0	17.0	-11.0	1.0	2.0	6.0	5	22	H	愛媛	●	1	4	7.0	21.0	-14.0	1.0	2.0	7.0	5	22	A	栃木	○	1	0	8.0	21.0	-13.0	2.0	2.0	7.0	8	21	H	富山	○	1	0	9.0	21.0	-12.0	3.0	2.0	7.0	11	17	A	大分	●	0	3	9.0	24.0	-15.0	3.0	2.0	8.0	11	20	H	水戸	○	2	1	11.0	25.0	-14.0	4.0	2.0	8.0	14	16	A	徳島	●	0	3	11.0	28.0	-17.0	4.0	2.0	9.0	14	17	H	横浜FC	●	2	5	13.0	33.0	-20.0	4.0	2.0	10.0	14	18	A	山形	●	1	5	14.0	38.0	-24.0	4.0	2.0	11.0	14	20	H	東京Ｖ	●	0	2	14.0	40.0	-26.0	4.0	2.0	12.0	14	20	A	千葉	●	1	3	15.0	43.0	-28.0	4.0	2.0	13.0	14	20	H	松本	●	0	1	15.0	44.0	-29.0	4.0	2.0	14.0	14	21	A	草津	○	2	1	17.0	45.0	-28.0	5.0	2.0	14.0	17	20	H	北九州	●	1	2	18.0	47.0	-29.0	5.0	2.0	15.0	17	20	H	栃木	●	0	2	18.0	49.0	-31.0	5.0	2.0	16.0	17	20	A	東京Ｖ	●	0	1	18.0	50.0	-32.0	5.0	2.0	17.0	17	21	A	横浜FC	●	1	3	19.0	53.0	-34.0	5.0	2.0	18.0	17	21	H	岐阜	○	1	0	20.0	53.0	-33.0	6.0	2.0	18.0	20	20	A	京都	●	1	3	21.0	56.0	-35.0	6.0	2.0	19.0	20	20	H	岡山	●	0	2	21.0	58.0	-37.0	6.0	2.0	20.0	20	20	H	千葉	○	2	1	23.0	59.0	-36.0	7.0	2.0	20.0	23	19	A	町田	△	0	0	23.0	59.0	-36.0	7.0	3.0	20.0	24	19	H	徳島	●	0	3	23.0	62.0	-39.0	7.0	3.0	21.0	24	19	A	水戸	●	0	2	23.0	64.0	-41.0	7.0	3.0	22.0	24	20	H	山形	○	2	1	25.0	65.0	-40.0	8.0	3.0	22.0	27	19	A	甲府	△	1	1	26.0	66.0	-40.0	8.0	4.0	22.0	28	21	A	松本	●	1	7	27.0	73.0	-46.0	8.0	4.0	23.0	28	21	H	草津	○	2	0	29.0	73.0	-44.0	9.0	4.0	23.0	31	20	A	富山	●	1	2	30.0	75.0	-45.0	9.0	4.0	24.0	31	21	A	愛媛	△	0	0	30.0	75.0	-45.0	9.0	5.0	24.0	32	21	H	大分	○	1	0	31.0	75.0	-44.0	10.0	5.0	24.0	35	20	H	熊本	●	0	1	31.0	76.0	-45.0	10.0	5.0	25.0	35	20	A	湘南	●	0	1	31.0	77.0	-46.0	10.0	5.0	26.0	35	21	H	福岡	○	2	1	33.0	78.0	-45.0	11.0	5.0	26.0	38	20
8,★岡山	H	富山	△	1	1	1.0	1.0	0.0	0.0	1.0	0.0	1	12	A	北九州	△	0	0	1.0	1.0	0.0	0.0	2.0	0.0	2	14	H	水戸	●	0	3	1.0	4.0	-3.0	0.0	2.0	1.0	2	18	A	大分	●	0	1	1.0	5.0	-4.0	0.0	2.0	2.0	2	21	H	山形	○	2	1	3.0	6.0	-3.0	1.0	2.0	2.0	5	15	A	徳島	○	2	1	5.0	7.0	-2.0	2.0	2.0	2.0	8	12	H	松本	○	1	0	6.0	7.0	-1.0	3.0	2.0	2.0	11	12	A	千葉	△	0	0	6.0	7.0	-1.0	3.0	3.0	2.0	12	12	H	鳥取	○	2	0	8.0	7.0	1.0	4.0	3.0	2.0	15	9	A	熊本	△	0	0	8.0	7.0	1.0	4.0	4.0	2.0	16	9	H	草津	○	2	1	10.0	8.0	2.0	5.0	4.0	2.0	19	8	A	横浜FC	○	1	0	11.0	8.0	3.0	6.0	4.0	2.0	22	7	H	岐阜	●	0	1	11.0	9.0	2.0	6.0	4.0	3.0	22	9	A	東京Ｖ	○	1	0	12.0	9.0	3.0	7.0	4.0	3.0	25	7	H	京都	●	1	2	13.0	11.0	2.0	7.0	4.0	4.0	25	8	A	福岡	△	1	1	14.0	12.0	2.0	7.0	5.0	4.0	26	8	H	愛媛	△	1	1	15.0	13.0	2.0	7.0	6.0	4.0	27	9	A	栃木	○	1	0	16.0	13.0	3.0	8.0	6.0	4.0	30	8	H	町田	○	2	1	18.0	14.0	4.0	9.0	6.0	4.0	33	8	A	湘南	●	0	2	18.0	16.0	2.0	9.0	6.0	5.0	33	8	H	甲府	△	1	1	19.0	17.0	2.0	9.0	7.0	5.0	34	8	A	京都	△	1	1	20.0	18.0	2.0	9.0	8.0	5.0	35	8	H	横浜FC	●	0	1	20.0	19.0	1.0	9.0	8.0	6.0	35	10	H	徳島	△	0	0	20.0	19.0	1.0	9.0	9.0	6.0	36	10	A	松本	●	0	3	20.0	22.0	-2.0	9.0	9.0	7.0	36	11	H	千葉	●	0	1	20.0	23.0	-3.0	9.0	9.0	8.0	36	11	H	熊本	○	2	0	22.0	23.0	-1.0	10.0	9.0	8.0	39	10	A	鳥取	○	2	0	24.0	23.0	1.0	11.0	9.0	8.0	42	10	A	岐阜	○	2	1	26.0	24.0	2.0	12.0	9.0	8.0	45	10	H	北九州	△	1	1	27.0	25.0	2.0	12.0	10.0	8.0	46	10	H	大分	△	0	0	27.0	25.0	2.0	12.0	11.0	8.0	47	10	A	町田	△	2	2	29.0	27.0	2.0	12.0	12.0	8.0	48	10	A	甲府	●	0	1	29.0	28.0	1.0	12.0	12.0	9.0	48	11	H	湘南	○	3	1	32.0	29.0	3.0	13.0	12.0	9.0	51	11	A	愛媛	●	0	1	32.0	30.0	2.0	13.0	12.0	10.0	51	11	A	富山	△	1	1	33.0	31.0	2.0	13.0	13.0	10.0	52	11	H	福岡	○	2	1	35.0	32.0	3.0	14.0	13.0	10.0	55	10	H	東京Ｖ	○	2	0	37.0	32.0	5.0	15.0	13.0	10.0	58	9	A	草津	●	0	1	37.0	33.0	4.0	15.0	13.0	11.0	58	10	A	水戸	△	0	0	37.0	33.0	4.0	15.0	14.0	11.0	59	10	H	栃木	○	2	1	39.0	34.0	5.0	16.0	14.0	11.0	62	8	A	山形	○	2	0	41.0	34.0	7.0	17.0	14.0	11.0	65	8
15,★徳島	A	北九州	○	2	1	2.0	1.0	1.0	1.0	0.0	0.0	3	5	H	岐阜	○	3	0	5.0	1.0	4.0	2.0	0.0	0.0	6	1	H	栃木	●	0	1	5.0	2.0	3.0	2.0	0.0	1.0	6	5	A	草津	△	0	0	5.0	2.0	3.0	2.0	1.0	1.0	7	7	A	千葉	●	0	3	5.0	5.0	0.0	2.0	1.0	2.0	7	11	H	岡山	●	1	2	6.0	7.0	-1.0	2.0	1.0	3.0	7	15	A	東京Ｖ	●	0	2	6.0	9.0	-3.0	2.0	1.0	4.0	7	16	A	大分	△	0	0	6.0	9.0	-3.0	2.0	2.0	4.0	8	15	H	福岡	●	0	4	6.0	13.0	-7.0	2.0	2.0	5.0	8	17	H	甲府	●	0	2	6.0	15.0	-9.0	2.0	2.0	6.0	8	18	A	水戸	●	1	2	7.0	17.0	-10.0	2.0	2.0	7.0	8	20	H	松本	○	1	0	8.0	17.0	-9.0	3.0	2.0	7.0	11	16	H	熊本	△	1	1	9.0	18.0	-9.0	3.0	3.0	7.0	12	17	A	京都	●	1	2	10.0	20.0	-10.0	3.0	3.0	8.0	12	19	H	鳥取	○	3	0	13.0	20.0	-7.0	4.0	3.0	8.0	15	16	A	湘南	△	0	0	13.0	20.0	-7.0	4.0	4.0	8.0	16	16	H	町田	○	1	0	14.0	20.0	-6.0	5.0	4.0	8.0	19	16	H	横浜FC	●	1	2	15.0	22.0	-7.0	5.0	4.0	9.0	19	16	A	富山	○	1	0	16.0	22.0	-6.0	6.0	4.0	9.0	22	15	H	愛媛	○	3	0	19.0	22.0	-3.0	7.0	4.0	9.0	25	14	A	山形	●	0	1	19.0	23.0	-4.0	7.0	4.0	10.0	25	14	H	草津	△	0	0	19.0	23.0	-4.0	7.0	5.0	10.0	26	15	A	福岡	○	3	1	22.0	24.0	-2.0	8.0	5.0	10.0	29	15	A	岡山	△	0	0	22.0	24.0	-2.0	8.0	6.0	10.0	30	15	H	北九州	△	1	1	23.0	25.0	-2.0	8.0	7.0	10.0	31	14	A	熊本	○	3	0	26.0	25.0	1.0	9.0	7.0	10.0	34	12	H	大分	●	0	4	26.0	29.0	-3.0	9.0	7.0	11.0	34	12	A	愛媛	○	2	1	28.0	30.0	-2.0	10.0	7.0	11.0	37	12	A	町田	●	0	1	28.0	31.0	-3.0	10.0	7.0	12.0	37	13	H	湘南	△	0	0	28.0	31.0	-3.0	10.0	8.0	12.0	38	14	A	鳥取	○	3	0	31.0	31.0	0.0	11.0	8.0	12.0	41	12	H	山形	△	2	2	33.0	33.0	0.0	11.0	9.0	12.0	42	13	A	栃木	△	1	1	34.0	34.0	0.0	11.0	10.0	12.0	43	14	H	水戸	●	1	2	35.0	36.0	-1.0	11.0	10.0	13.0	43	14	A	横浜FC	●	0	1	35.0	37.0	-2.0	11.0	10.0	14.0	43	14	A	甲府	●	2	3	37.0	40.0	-3.0	11.0	10.0	15.0	43	15	A	松本	△	1	1	38.0	41.0	-3.0	11.0	11.0	15.0	44	15	H	富山	○	3	0	41.0	41.0	0.0	12.0	11.0	15.0	47	15	H	京都/36節	●	2	4	43.0	45.0	-2.0	12.0	11.0	16.0	47	15	H	東京Ｖ	○	2	1	45.0	46.0	-1.0	13.0	11.0	16.0	50	15	A	岐阜	△	0	0	45.0	46.0	-1.0	13.0	12.0	16.0	51	15	H	千葉	●	0	3	45.0	49.0	-4.0	13.0	12.0	17.0	51	15
16,★愛媛	H	町田	○	2	0	2.0	0.0	2.0	1.0	0.0	0.0	3	1	A	横浜FC	△	0	0	2.0	0.0	2.0	1.0	1.0	0.0	4	6	A	甲府	●	1	2	3.0	2.0	1.0	1.0	1.0	1.0	4	10	H	松本	○	3	0	6.0	2.0	4.0	2.0	1.0	1.0	7	5	H	栃木	△	1	1	7.0	3.0	4.0	2.0	2.0	1.0	8	10	A	大分	●	0	1	7.0	4.0	3.0	2.0	2.0	2.0	8	11	H	福岡	○	4	2	11.0	6.0	5.0	3.0	2.0	2.0	11	9	A	草津	●	0	1	11.0	7.0	4.0	3.0	2.0	3.0	11	13	H	熊本	△	0	0	11.0	7.0	4.0	3.0	3.0	3.0	12	13	A	鳥取	○	4	1	15.0	8.0	7.0	4.0	3.0	3.0	15	10	H	湘南	○	2	1	17.0	9.0	8.0	5.0	3.0	3.0	18	9	A	山形	△	2	2	19.0	11.0	8.0	5.0	4.0	3.0	19	10	A	千葉	●	0	1	19.0	12.0	7.0	5.0	4.0	4.0	19	10	H	北九州	△	2	2	21.0	14.0	7.0	5.0	5.0	4.0	20	10	A	水戸	○	2	0	23.0	14.0	9.0	6.0	5.0	4.0	23	10	H	富山	●	0	1	23.0	15.0	8.0	6.0	5.0	5.0	23	11	A	岡山	△	1	1	24.0	16.0	8.0	6.0	6.0	5.0	24	11	A	岐阜	△	1	1	25.0	17.0	8.0	6.0	7.0	5.0	25	11	H	京都	○	2	1	27.0	18.0	9.0	7.0	7.0	5.0	28	9	A	徳島	●	0	3	27.0	21.0	6.0	7.0	7.0	6.0	28	10	H	東京Ｖ	○	3	1	30.0	22.0	8.0	8.0	7.0	6.0	31	9	A	福岡	●	0	1	30.0	23.0	7.0	8.0	7.0	7.0	31	11	A	北九州	●	0	2	30.0	25.0	5.0	8.0	7.0	8.0	31	12	H	水戸	△	1	1	31.0	26.0	5.0	8.0	8.0	8.0	32	12	A	京都	●	1	2	32.0	28.0	4.0	8.0	8.0	9.0	32	12	H	大分	●	1	2	33.0	30.0	3.0	8.0	8.0	10.0	32	13	A	松本	△	1	1	34.0	31.0	3.0	8.0	9.0	10.0	33	13	H	徳島	●	1	2	35.0	33.0	2.0	8.0	9.0	11.0	33	15	H	山形	●	1	2	36.0	35.0	1.0	8.0	9.0	12.0	33	15	A	栃木	●	0	1	36.0	36.0	0.0	8.0	9.0	13.0	33	18	H	岐阜	△	0	0	36.0	36.0	0.0	8.0	10.0	13.0	34	18	A	富山	●	0	1	36.0	37.0	-1.0	8.0	10.0	14.0	34	18	H	横浜FC	●	0	1	36.0	38.0	-2.0	8.0	10.0	15.0	34	18	A	東京Ｖ	●	0	3	36.0	41.0	-5.0	8.0	10.0	16.0	34	18	H	岡山	○	1	0	37.0	41.0	-4.0	9.0	10.0	16.0	37	18	H	千葉	△	2	2	39.0	43.0	-4.0	9.0	11.0	16.0	38	18	A	湘南	△	0	0	39.0	43.0	-4.0	9.0	12.0	16.0	39	18	H	鳥取	△	0	0	39.0	43.0	-4.0	9.0	13.0	16.0	40	18	A	町田	○	4	2	43.0	45.0	-2.0	10.0	13.0	16.0	43	17	H	甲府	△	0	0	43.0	45.0	-2.0	10.0	14.0	16.0	44	17	H	草津	○	3	1	46.0	46.0	0.0	11.0	14.0	16.0	47	16	A	熊本	○	1	0	47.0	46.0	1.0	12.0	14.0	16.0	50	16
18,★福岡	H	熊本	○	2	1	2.0	1.0	1.0	1.0	0.0	0.0	3	5	A	町田	○	1	0	3.0	1.0	2.0	2.0	0.0	0.0	6	4	A	湘南	●	1	3	4.0	4.0	0.0	2.0	0.0	1.0	6	9	H	千葉	△	0	0	4.0	4.0	0.0	2.0	1.0	1.0	7	9	H	鳥取	○	4	0	8.0	4.0	4.0	3.0	1.0	1.0	10	5	A	京都	●	2	3	10.0	7.0	3.0	3.0	1.0	2.0	10	8	A	愛媛	●	2	4	12.0	11.0	1.0	3.0	1.0	3.0	10	13	H	水戸	△	1	1	13.0	12.0	1.0	3.0	2.0	3.0	11	14	A	徳島	○	4	0	17.0	12.0	5.0	4.0	2.0	3.0	14	10	H	東京Ｖ	●	1	3	18.0	15.0	3.0	4.0	2.0	4.0	14	13	A	甲府	△	1	1	19.0	16.0	3.0	4.0	3.0	4.0	15	12	H	大分	△	1	1	20.0	17.0	3.0	4.0	4.0	4.0	16	12	H	山形	△	1	1	21.0	18.0	3.0	4.0	5.0	4.0	17	14	A	栃木/13節	●	0	2	21.0	20.0	1.0	4.0	5.0	5.0	17	14	A	富山	○	1	0	22.0	20.0	2.0	5.0	5.0	5.0	20	12	H	岡山	△	1	1	23.0	21.0	2.0	5.0	6.0	5.0	21	12	A	草津	●	0	1	23.0	22.0	1.0	5.0	6.0	6.0	21	14	H	北九州	○	1	0	24.0	22.0	2.0	6.0	6.0	6.0	24	13	A	松本	△	2	2	26.0	24.0	2.0	6.0	7.0	6.0	25	13	H	岐阜	△	0	0	26.0	24.0	2.0	6.0	8.0	6.0	26	12	A	横浜FC	△	1	1	27.0	25.0	2.0	6.0	9.0	6.0	27	13	H	愛媛	○	1	0	28.0	25.0	3.0	7.0	9.0	6.0	30	13	H	徳島	●	1	3	29.0	28.0	1.0	7.0	9.0	7.0	30	14	A	山形	●	1	3	30.0	31.0	-1.0	7.0	9.0	8.0	30	14	A	水戸	●	2	4	32.0	35.0	-3.0	7.0	9.0	9.0	30	16	H	草津	●	0	3	32.0	38.0	-6.0	7.0	9.0	10.0	30	17	A	岐阜	○	3	0	35.0	38.0	-3.0	8.0	9.0	10.0	33	14	H	湘南	●	1	3	36.0	41.0	-5.0	8.0	9.0	11.0	33	16	A	北九州	●	2	4	38.0	45.0	-7.0	8.0	9.0	12.0	33	16	H	富山	○	3	2	41.0	47.0	-6.0	9.0	9.0	12.0	36	15	H	松本	△	2	2	43.0	49.0	-6.0	9.0	10.0	12.0	37	15	A	千葉	●	1	2	44.0	51.0	-7.0	9.0	10.0	13.0	37	16	A	東京Ｖ	△	1	1	45.0	52.0	-7.0	9.0	11.0	13.0	38	16	H	町田	△	1	1	46.0	53.0	-7.0	9.0	12.0	13.0	39	17	A	熊本	●	1	3	47.0	56.0	-9.0	9.0	12.0	14.0	39	17	H	横浜FC	△	1	1	48.0	57.0	-9.0	9.0	13.0	14.0	40	17	A	岡山	●	1	2	49.0	59.0	-10.0	9.0	13.0	15.0	40	17	H	栃木	△	1	1	50.0	60.0	-10.0	9.0	14.0	15.0	41	17	H	甲府	●	2	3	52.0	63.0	-11.0	9.0	14.0	16.0	41	18	A	大分	●	0	1	52.0	64.0	-12.0	9.0	14.0	17.0	41	18	H	京都	●	0	2	52.0	66.0	-14.0	9.0	14.0	18.0	41	18	A	鳥取	●	1	2	53.0	68.0	-15.0	9.0	14.0	19.0	41	18
9,★北九州	H	徳島	●	1	2	1.0	2.0	-1.0	0.0	0.0	1.0	0	15	H	岡山	△	0	0	1.0	2.0	-1.0	0.0	1.0	1.0	1	16	A	松本	●	0	1	1.0	3.0	-2.0	0.0	1.0	2.0	1	19	H	水戸	○	1	0	2.0	3.0	-1.0	1.0	1.0	2.0	4	14	A	富山	○	3	2	5.0	5.0	0.0	2.0	1.0	2.0	7	11	A	甲府	○	2	1	7.0	6.0	1.0	3.0	1.0	2.0	10	9	H	鳥取	○	1	0	8.0	6.0	2.0	4.0	1.0	2.0	13	6	A	岐阜	●	0	1	8.0	7.0	1.0	4.0	1.0	3.0	13	9	H	山形	●	0	1	8.0	8.0	0.0	4.0	1.0	4.0	13	12	A	草津	○	2	0	10.0	8.0	2.0	5.0	1.0	4.0	16	8	H	千葉	●	1	2	11.0	10.0	1.0	5.0	1.0	5.0	16	11	A	町田	○	1	0	12.0	10.0	2.0	6.0	1.0	5.0	19	11	H	横浜FC	●	1	2	13.0	12.0	1.0	6.0	1.0	6.0	19	11	A	愛媛	△	2	2	15.0	14.0	1.0	6.0	2.0	6.0	20	11	H	東京Ｖ	●	1	5	16.0	19.0	-3.0	6.0	2.0	7.0	20	13	A	京都	●	0	1	16.0	20.0	-4.0	6.0	2.0	8.0	20	14	H	湘南	○	3	2	19.0	22.0	-3.0	7.0	2.0	8.0	23	13	A	福岡	●	0	1	19.0	23.0	-4.0	7.0	2.0	9.0	23	14	H	栃木	△	1	1	20.0	24.0	-4.0	7.0	3.0	9.0	24	14	A	熊本	△	2	2	22.0	26.0	-4.0	7.0	4.0	9.0	25	15	H	大分	●	0	2	22.0	28.0	-6.0	7.0	4.0	10.0	25	15	A	鳥取	○	2	1	24.0	29.0	-5.0	8.0	4.0	10.0	28	14	H	愛媛	○	2	0	26.0	29.0	-3.0	9.0	4.0	10.0	31	13	H	草津	●	0	1	26.0	30.0	-4.0	9.0	4.0	11.0	31	13	A	徳島	△	1	1	27.0	31.0	-4.0	9.0	5.0	11.0	32	13	A	湘南	●	0	1	27.0	32.0	-5.0	9.0	5.0	12.0	32	14	H	町田	△	1	1	28.0	33.0	-5.0	9.0	6.0	12.0	33	15	A	大分	○	1	0	29.0	33.0	-4.0	10.0	6.0	12.0	36	13	H	福岡	○	4	2	33.0	35.0	-2.0	11.0	6.0	12.0	39	12	A	岡山	△	1	1	34.0	36.0	-2.0	11.0	7.0	12.0	40	12	A	東京Ｖ	○	2	0	36.0	36.0	0.0	12.0	7.0	12.0	43	11	H	熊本	○	2	0	38.0	36.0	2.0	13.0	7.0	12.0	46	11	H	岐阜	○	2	1	40.0	37.0	3.0	14.0	7.0	12.0	49	10	A	千葉	○	3	0	43.0	37.0	6.0	15.0	7.0	12.0	52	10	H	甲府	●	2	3	45.0	40.0	5.0	15.0	7.0	13.0	52	10	A	水戸	●	1	3	46.0	43.0	3.0	15.0	7.0	14.0	52	10	H	松本	●	0	1	46.0	44.0	2.0	15.0	7.0	15.0	52	12	A	横浜FC	○	2	1	48.0	45.0	3.0	16.0	7.0	15.0	55	11	A	山形	●	0	1	48.0	46.0	2.0	16.0	7.0	16.0	55	12	H	京都	○	2	0	50.0	46.0	4.0	17.0	7.0	16.0	58	12	H	富山	○	1	0	51.0	46.0	5.0	18.0	7.0	16.0	61	9	A	栃木	○	2	1	53.0	47.0	6.0	19.0	7.0	16.0	64	9
14,★熊本	A	福岡	●	1	2	1.0	2.0	-1.0	0.0	0.0	1.0	0	15	H	鳥取	○	2	1	3.0	3.0	0.0	1.0	0.0	1.0	3	9	A	京都	●	0	2	3.0	5.0	-2.0	1.0	0.0	2.0	3	14	A	町田	●	0	1	3.0	6.0	-3.0	1.0	0.0	3.0	3	17	H	湘南	△	3	3	6.0	9.0	-3.0	1.0	1.0	3.0	4	17	H	岐阜	○	3	0	9.0	9.0	0.0	2.0	1.0	3.0	7	14	A	栃木	●	0	2	9.0	11.0	-2.0	2.0	1.0	4.0	7	15	H	松本	●	0	3	9.0	14.0	-5.0	2.0	1.0	5.0	7	16	A	愛媛	△	0	0	9.0	14.0	-5.0	2.0	2.0	5.0	8	16	H	岡山	△	0	0	9.0	14.0	-5.0	2.0	3.0	5.0	9	16	A	大分	△	0	0	9.0	14.0	-5.0	2.0	4.0	5.0	10	17	H	東京Ｖ	●	0	2	9.0	16.0	-7.0	2.0	4.0	6.0	10	19	A	徳島	△	1	1	10.0	17.0	-7.0	2.0	5.0	6.0	11	19	H	甲府	△	0	0	10.0	17.0	-7.0	2.0	6.0	6.0	12	17	A	千葉	●	0	4	10.0	21.0	-11.0	2.0	6.0	7.0	12	18	H	山形	○	2	1	12.0	22.0	-10.0	3.0	6.0	7.0	15	17	A	横浜FC	●	0	2	12.0	24.0	-12.0	3.0	6.0	8.0	15	18	H	水戸	○	2	1	14.0	25.0	-11.0	4.0	6.0	8.0	18	18	A	草津	△	0	0	14.0	25.0	-11.0	4.0	7.0	8.0	19	18	H	北九州	△	2	2	16.0	27.0	-11.0	4.0	8.0	8.0	20	18	A	富山	○	2	0	18.0	27.0	-9.0	5.0	8.0	8.0	23	18	H	千葉	○	1	0	19.0	27.0	-8.0	6.0	8.0	8.0	26	16	A	岐阜	○	2	0	21.0	27.0	-6.0	7.0	8.0	8.0	29	16	H	京都	●	0	1	21.0	28.0	-7.0	7.0	8.0	9.0	29	16	A	東京Ｖ	●	0	2	21.0	30.0	-9.0	7.0	8.0	10.0	29	17	H	徳島	●	0	3	21.0	33.0	-12.0	7.0	8.0	11.0	29	18	A	岡山	●	0	2	21.0	35.0	-14.0	7.0	8.0	12.0	29	18	H	栃木	○	3	0	24.0	35.0	-11.0	8.0	8.0	12.0	32	18	A	松本	△	0	0	24.0	35.0	-11.0	8.0	9.0	12.0	33	18	H	草津	△	1	1	25.0	36.0	-11.0	8.0	10.0	12.0	34	17	H	富山	○	3	0	28.0	36.0	-8.0	9.0	10.0	12.0	37	17	A	北九州	●	0	2	28.0	38.0	-10.0	9.0	10.0	13.0	37	17	A	水戸	●	0	2	28.0	40.0	-12.0	9.0	10.0	14.0	37	17	H	大分	○	2	1	30.0	41.0	-11.0	10.0	10.0	14.0	40	16	H	福岡	○	3	1	33.0	42.0	-9.0	11.0	10.0	14.0	43	16	A	湘南	○	2	1	35.0	43.0	-8.0	12.0	10.0	14.0	46	14	A	山形	○	2	0	37.0	43.0	-6.0	13.0	10.0	14.0	49	14	H	町田	○	2	1	39.0	44.0	-5.0	14.0	10.0	14.0	52	14	H	横浜FC	●	0	1	39.0	45.0	-6.0	14.0	10.0	15.0	52	14	A	鳥取	○	1	0	40.0	45.0	-5.0	15.0	10.0	15.0	55	14	A	甲府	●	0	2	40.0	47.0	-7.0	15.0	10.0	16.0	55	14	H	愛媛	●	0	1	40.0	48.0	-8.0	15.0	10.0	17.0	55	14
6,★大分	H	草津	●	2	3	2.0	3.0	-1.0	0.0	0.0	1.0	0	14	A	栃木	○	3	0	5.0	3.0	2.0	1.0	0.0	1.0	3	7	A	山形	●	2	3	7.0	6.0	1.0	1.0	0.0	2.0	3	12	H	岡山	○	1	0	8.0	6.0	2.0	2.0	0.0	2.0	6	10	A	岐阜	○	2	0	10.0	6.0	4.0	3.0	0.0	2.0	9	7	H	愛媛	○	1	0	11.0	6.0	5.0	4.0	0.0	2.0	12	3	A	甲府	●	0	1	11.0	7.0	4.0	4.0	0.0	3.0	12	8	H	徳島	△	0	0	11.0	7.0	4.0	4.0	1.0	3.0	13	8	A	富山	○	3	2	14.0	9.0	5.0	5.0	1.0	3.0	16	6	A	京都	○	2	1	16.0	10.0	6.0	6.0	1.0	3.0	19	5	H	熊本	△	0	0	16.0	10.0	6.0	6.0	2.0	3.0	20	5	A	福岡	△	1	1	17.0	11.0	6.0	6.0	3.0	3.0	21	9	H	鳥取	○	3	0	20.0	11.0	9.0	7.0	3.0	3.0	24	5	A	湘南	△	1	1	21.0	12.0	9.0	7.0	4.0	3.0	25	5	H	町田	○	2	1	23.0	13.0	10.0	8.0	4.0	3.0	28	6	H	千葉	●	0	2	23.0	15.0	8.0	8.0	4.0	4.0	28	7	A	東京Ｖ	●	1	3	24.0	18.0	6.0	8.0	4.0	5.0	28	7	H	松本	○	2	0	26.0	18.0	8.0	9.0	4.0	5.0	31	6	A	横浜FC	○	1	0	27.0	18.0	9.0	10.0	4.0	5.0	34	6	H	水戸	○	1	0	28.0	18.0	10.0	11.0	4.0	5.0	37	5	A	北九州	○	2	0	30.0	18.0	12.0	12.0	4.0	5.0	40	5	H	富山	△	1	1	31.0	19.0	12.0	12.0	5.0	5.0	41	3	A	草津	○	2	0	33.0	19.0	14.0	13.0	5.0	5.0	44	1	H	湘南	●	1	4	34.0	23.0	11.0	13.0	5.0	6.0	44	6	H	岐阜	△	2	2	36.0	25.0	11.0	13.0	6.0	6.0	45	6	A	愛媛	○	2	1	38.0	26.0	12.0	14.0	6.0	6.0	48	5	A	徳島	○	4	0	42.0	26.0	16.0	15.0	6.0	6.0	51	3	H	北九州	●	0	1	42.0	27.0	15.0	15.0	6.0	7.0	51	5	A	水戸	●	1	2	43.0	29.0	14.0	15.0	6.0	8.0	51	5	H	東京Ｖ	○	2	1	45.0	30.0	15.0	16.0	6.0	8.0	54	4	A	岡山	△	0	0	45.0	30.0	15.0	16.0	7.0	8.0	55	3	H	甲府	●	1	2	46.0	32.0	14.0	16.0	7.0	9.0	55	5	H	京都	○	2	0	48.0	32.0	16.0	17.0	7.0	9.0	58	3	A	熊本	●	1	2	49.0	34.0	15.0	17.0	7.0	10.0	58	3	H	栃木	●	0	1	49.0	35.0	14.0	17.0	7.0	11.0	58	6	A	町田	○	3	1	52.0	36.0	16.0	18.0	7.0	11.0	61	3	H	横浜FC	●	1	2	53.0	38.0	15.0	18.0	7.0	12.0	61	5	A	千葉	○	2	1	55.0	39.0	16.0	19.0	7.0	12.0	64	3	A	鳥取	●	0	1	55.0	40.0	15.0	19.0	7.0	13.0	64	4	H	福岡	○	1	0	56.0	40.0	16.0	20.0	7.0	13.0	67	4	H	山形	○	3	0	59.0	40.0	19.0	21.0	7.0	13.0	70	4	A	松本R	△	0	0	59.0	40.0	19.0	21.0	8.0	13.0	71	6
